rainfall,diarrhea,cholera,typhoid,population,month,year,outbreak
268,27,78,92,3340,12,2020,2
332,95,62,2,3488,3,2020,2
45,137,47,95,2361,11,2020,2
263,100,19,142,2897,12,2022,2
386,72,42,61,9943,5,2024,2
18,113,15,98,2027,3,2025,2
89,83,35,93,8781,8,2022,2
361,106,16,101,2144,3,2020,2
264,139,13,52,8798,8,2024,2
215,95,85,148,9269,11,2020,2
141,166,44,15,9750,11,2021,2
41,89,58,66,7021,9,2025,2
300,129,76,144,8997,10,2025,2
75,67,55,89,6698,12,2020,2
27,141,47,72,6136,9,2021,2
254,29,96,8,8203,5,2024,2
161,114,16,143,4060,2,2024,2
111,134,66,133,3999,9,2021,2
94,29,68,78,9338,11,2020,2
352,72,33,14,5840,11,2021,2
179,135,32,97,4425,4,2022,2
287,117,21,41,8683,2,2021,2
5,166,29,93,2515,11,2023,2
238,185,62,62,7473,9,2022,2
129,125,69,76,2566,5,2022,2
265,71,51,45,1091,4,2024,2
395,190,13,52,4010,8,2020,2
114,92,26,51,7772,1,2025,2
156,168,22,140,6356,11,2020,2
239,53,53,115,1345,7,2021,2
170,109,62,62,2531,10,2020,2
177,121,55,0,5026,12,2021,2
37,62,79,127,8171,9,2025,2
225,88,66,142,7074,7,2020,2
207,57,37,42,5536,7,2025,2
310,88,11,31,2998,8,2025,2
332,47,47,119,6019,5,2025,2
347,79,21,30,1907,6,2021,2
69,111,37,133,8538,12,2020,2
125,10,74,59,5363,2,2021,2
121,104,69,132,5506,10,2021,2
1,103,8,28,2265,4,2025,2
184,99,100,69,1854,10,2023,2
140,78,72,113,8492,3,2024,2
370,155,35,51,3064,3,2022,2
240,78,72,108,6082,4,2022,2
3,119,54,91,9664,5,2021,2
241,150,34,26,9870,4,2023,2
332,81,22,63,1296,10,2023,2
163,146,61,147,9510,1,2024,2
387,196,63,4,5591,11,2025,2
334,40,35,66,2199,2,2022,2
291,134,68,120,9459,5,2025,2
110,190,54,72,1473,9,2023,2
176,4,44,61,6466,5,2023,2
102,89,92,112,6291,6,2020,2
19,166,83,89,7175,2,2023,2
386,150,50,103,6278,3,2022,2
255,195,57,85,2860,10,2025,2
5,31,33,123,7640,11,2024,2
78,73,41,99,1997,10,2024,2
365,174,83,16,5868,9,2020,2
207,92,70,56,3192,6,2025,2
174,39,31,47,6210,12,2021,2
97,67,88,136,7378,4,2024,2
75,145,47,95,2672,1,2022,2
6,159,25,41,6623,9,2022,2
267,82,61,46,4835,6,2023,2
15,24,72,37,7523,1,2023,2
393,134,74,121,2112,2,2022,2
365,148,90,61,8845,1,2024,2
31,200,34,12,5387,5,2025,2
312,144,74,93,3812,2,2024,2
166,172,41,60,1000,4,2025,2
131,80,86,95,2285,5,2022,2
389,16,84,56,4342,9,2024,2
87,97,98,38,3806,4,2021,2
396,184,9,48,4562,3,2021,2
59,91,77,4,5948,7,2024,2
292,162,19,35,3502,1,2023,2
225,97,0,57,6330,11,2023,2
278,138,72,113,9706,12,2022,2
204,119,81,3,1550,8,2025,2
239,95,62,129,7604,3,2022,2
269,191,58,131,1886,4,2025,2
19,114,56,107,2903,11,2025,2
164,144,51,109,3738,10,2025,2
199,34,0,79,3446,3,2025,2
115,56,71,109,8265,9,2025,2
260,182,17,97,7479,11,2021,2
323,29,71,138,9029,7,2024,2
101,180,58,67,1486,2,2024,2
21,9,53,82,9712,11,2024,2
400,146,87,103,3683,3,2024,2
338,163,84,95,7621,12,2022,2
242,92,17,144,6794,9,2022,2
268,187,54,144,9176,9,2024,2
50,76,63,123,5037,7,2025,2
115,104,10,130,2274,6,2020,2
152,72,43,123,4640,3,2021,2
391,144,23,66,9361,1,2023,2
309,5,62,79,2393,1,2025,2
212,46,10,92,1826,5,2020,2
107,75,11,60,2225,10,2023,2
343,136,75,50,5130,11,2025,2
152,145,4,141,9005,7,2024,2
293,13,13,27,9914,1,2021,2
325,142,32,15,9264,5,2020,2
270,159,52,126,1733,8,2021,2
152,60,15,114,9592,1,2022,2
300,178,93,91,7482,4,2023,2
116,185,8,13,3337,10,2023,1
142,74,53,38,3675,9,2023,2
17,99,38,140,5761,9,2020,2
323,2,55,58,1786,5,2023,2
182,154,45,74,5503,6,2025,2
345,38,72,88,9948,12,2024,2
95,104,75,142,6958,2,2024,2
165,3,43,67,9190,12,2025,2
269,162,76,76,8453,12,2025,2
21,17,31,46,7537,3,2023,2
25,113,49,127,9790,11,2024,2
340,79,77,89,1225,3,2024,2
233,150,83,84,2317,10,2024,2
122,113,6,13,6549,8,2025,2
242,49,98,131,7164,8,2021,2
391,23,95,42,9857,3,2023,2
224,66,71,43,2566,1,2025,2
318,185,85,49,6988,6,2025,2
392,120,67,46,6373,5,2023,2
290,3,85,63,8187,11,2025,2
184,77,33,76,5119,1,2025,2
289,132,37,105,5490,7,2024,2
9,176,54,30,6380,1,2024,2
141,80,78,23,9198,8,2024,2
319,36,68,78,9390,6,2022,2
273,168,38,5,6450,6,2023,2
29,46,89,116,2630,3,2023,2
53,84,66,36,1077,3,2025,2
148,34,14,92,6519,3,2024,2
379,152,66,113,1302,1,2021,2
26,81,57,94,7788,2,2020,2
255,20,79,61,8859,4,2025,2
234,65,39,124,9184,6,2025,2
302,192,0,133,8679,3,2020,2
252,135,61,129,9888,4,2025,2
23,112,15,112,8099,12,2024,2
234,148,15,43,7654,12,2024,2
378,135,10,34,1738,11,2025,2
319,160,90,108,5817,5,2023,2
46,49,34,5,4933,2,2021,1
44,66,63,134,7291,5,2025,2
134,38,86,128,6210,1,2023,2
346,117,27,78,3199,10,2020,2
273,175,92,136,6325,6,2020,2
310,192,31,47,1142,11,2025,2
272,152,19,47,3058,11,2023,2
188,61,80,76,2715,9,2025,2
372,119,32,134,2998,1,2021,2
359,32,89,55,9229,11,2021,2
361,144,95,118,1196,5,2022,2
370,118,100,113,8441,4,2023,2
11,159,38,120,8870,10,2022,2
267,43,85,128,2068,7,2020,2
120,18,25,72,1867,12,2025,2
185,6,49,99,3539,1,2024,2
252,117,57,86,6942,6,2021,2
293,25,35,140,1661,11,2024,2
208,62,31,16,7262,6,2024,2
302,37,10,145,3315,10,2024,2
363,88,52,22,8768,7,2021,2
235,178,70,31,8353,2,2025,2
322,16,32,132,2603,10,2020,2
52,12,30,7,4426,1,2022,1
381,95,59,70,8111,8,2021,2
228,148,85,65,7800,11,2020,2
269,15,46,29,9558,3,2022,2
53,15,9,77,3463,5,2022,2
150,165,60,32,3339,10,2024,2
143,12,0,100,5458,5,2024,2
39,79,94,28,2475,10,2023,2
303,27,64,48,7232,11,2020,2
7,120,4,137,8050,5,2020,2
180,156,79,15,5299,4,2024,2
119,135,47,105,9024,1,2022,2
270,114,15,66,9792,10,2023,2
167,36,42,90,6158,3,2025,2
183,159,67,74,9686,8,2024,2
260,59,6,38,4321,10,2024,2
321,160,31,90,6505,1,2022,2
118,148,5,43,1734,12,2021,2
316,75,52,79,7006,3,2025,2
276,193,11,150,5849,3,2022,2
156,197,45,30,7337,6,2020,2
256,116,84,69,3383,9,2024,2
264,178,28,141,2236,9,2024,2
251,119,99,131,7561,2,2021,2
241,192,0,0,8857,8,2024,2
250,141,21,103,9304,9,2022,2
94,90,70,141,9050,10,2022,2
218,12,83,5,7836,11,2020,2
338,47,33,77,8514,5,2024,2
124,93,61,50,1531,3,2024,2
210,170,79,20,5349,10,2020,2
127,96,97,11,6061,6,2021,2
26,40,59,71,9264,3,2025,2
269,91,72,90,7390,7,2025,2
367,67,82,144,4006,10,2022,2
209,18,10,39,3737,10,2025,1
138,90,95,83,2770,12,2021,2
339,148,73,135,2343,2,2020,2
246,12,76,87,5283,11,2021,2
302,14,43,39,9971,5,2021,2
90,98,6,62,5379,4,2022,2
42,61,32,80,9850,2,2025,2
275,186,19,50,1729,8,2020,2
115,6,69,92,4657,2,2023,2
30,95,15,115,4077,8,2024,2
291,166,70,5,6539,9,2020,2
81,134,15,56,2436,3,2024,2
86,1,62,143,8170,2,2025,2
144,77,57,66,3027,12,2022,2
180,169,87,34,9627,4,2024,2
13,82,67,59,1133,2,2022,2
128,33,91,70,8120,7,2025,2
58,105,76,67,5032,5,2022,2
205,54,43,26,5891,12,2024,2
90,78,34,91,4294,3,2022,2
228,87,55,39,7296,6,2025,2
253,6,4,102,7297,12,2025,2
257,161,33,87,2432,2,2025,2
187,109,32,1,6813,3,2021,2
247,200,36,13,3350,4,2020,2
96,100,100,27,5496,2,2025,2
378,69,90,85,8412,2,2020,2
74,120,12,137,5528,9,2024,2
364,0,42,15,6756,5,2022,2
126,8,4,17,4754,9,2020,1
221,73,91,116,2990,9,2025,2
300,32,11,53,1276,12,2021,2
213,28,59,107,5640,3,2022,2
109,56,23,140,9206,9,2023,2
315,7,33,30,9589,3,2024,2
207,138,40,96,6455,12,2020,2
233,107,68,120,2654,5,2025,2
383,174,16,29,3476,5,2023,2
62,191,81,25,8641,5,2024,2
39,79,72,23,9950,4,2023,2
294,100,27,144,4178,9,2021,2
317,166,72,34,4164,12,2020,2
303,163,17,58,4534,2,2021,2
244,190,16,13,9017,7,2023,2
279,196,10,102,5201,9,2020,2
77,79,20,24,6933,12,2020,2
185,149,2,33,8659,12,2024,2
96,9,62,69,4505,3,2021,2
265,189,29,96,6468,6,2020,2
194,31,39,72,8495,11,2023,2
210,23,80,2,8161,7,2025,2
166,180,60,109,8357,2,2023,2
275,108,45,87,1029,4,2021,2
111,186,79,30,6740,1,2024,2
30,193,28,127,2202,4,2025,2
182,193,62,72,3119,4,2023,2
239,72,57,105,1433,5,2020,2
392,89,32,1,9894,5,2023,2
300,122,56,90,3591,3,2025,2
122,72,80,38,3071,9,2024,2
340,145,59,144,3473,9,2023,2
270,163,100,50,7943,11,2024,2
255,129,34,31,4114,8,2022,2
44,82,53,137,9121,9,2021,2
390,60,4,24,6306,2,2022,2
131,85,56,71,2215,10,2022,2
103,111,9,19,4721,4,2024,1
24,92,38,12,9153,6,2025,2
294,164,86,79,1675,1,2021,2
343,164,100,12,6398,2,2023,2
381,22,14,149,5868,5,2021,2
40,104,89,41,4515,3,2025,2
247,186,69,127,1184,8,2021,2
386,37,23,53,5988,7,2021,2
367,87,38,142,1700,12,2020,2
320,30,80,66,3543,4,2022,2
74,173,28,149,1441,1,2021,2
73,86,80,71,2444,6,2023,2
361,196,10,10,9789,9,2022,2
88,147,47,2,6556,1,2020,2
317,47,61,57,2950,5,2020,2
388,73,74,80,7697,2,2020,2
286,130,5,89,2361,1,2025,2
369,39,76,77,2782,7,2024,2
378,61,38,112,1762,6,2021,2
349,193,51,9,4724,2,2023,2
310,8,28,92,3251,11,2021,2
280,181,59,13,9140,4,2021,2
321,75,8,24,2533,5,2025,2
104,154,24,90,5934,8,2023,2
22,82,28,32,7490,4,2024,2
296,197,91,136,7114,3,2023,2
170,42,98,6,7827,10,2023,2
383,65,15,140,6052,9,2022,2
385,188,55,36,1321,5,2024,2
281,178,80,54,3289,3,2024,2
180,31,63,67,6932,1,2021,2
11,86,53,56,1504,4,2025,2
221,4,72,48,8470,7,2021,2
168,17,61,20,4721,8,2020,2
177,83,47,126,6892,10,2024,2
191,181,31,95,2160,10,2020,2
148,82,17,0,3219,11,2023,2
258,138,15,95,7158,5,2023,2
145,93,12,134,4939,12,2024,2
145,11,22,143,4610,5,2025,2
53,125,31,19,1240,11,2024,2
326,169,53,31,3490,7,2021,2
260,25,3,132,6312,8,2023,2
129,125,87,137,9402,4,2023,2
21,187,72,91,6009,6,2024,2
171,146,20,32,2354,2,2021,2
162,148,48,44,7364,7,2024,2
374,12,15,106,6955,4,2025,2
64,31,51,67,3787,11,2021,2
236,53,26,129,5695,3,2021,2
309,16,14,48,9999,1,2023,2
230,141,66,64,4501,2,2024,2
153,180,83,119,4584,10,2023,2
46,153,33,106,9821,3,2022,2
262,179,30,43,9815,3,2023,2
50,180,69,9,1848,7,2023,2
165,54,44,12,9544,12,2021,2
197,128,71,66,3103,6,2023,2
382,160,7,88,3805,2,2023,2
323,164,68,92,1889,6,2022,2
171,141,73,127,8181,7,2020,2
131,169,64,85,5344,9,2025,2
122,83,40,33,5452,6,2021,2
1,47,4,78,2094,8,2023,2
187,9,22,80,4588,7,2021,2
146,67,19,106,9030,11,2024,2
290,123,51,99,8740,3,2020,2
204,157,61,132,1430,4,2025,2
150,148,23,138,1893,10,2022,2
394,110,41,49,7939,12,2025,2
24,62,22,36,1352,6,2020,2
354,93,26,76,6139,12,2021,2
225,129,34,119,7088,9,2023,2
296,158,5,111,6700,2,2025,2
383,187,36,0,3613,12,2025,2
79,80,84,132,9233,11,2023,2
394,160,44,137,1367,3,2023,2
400,123,33,119,4376,11,2021,2
131,129,4,60,6867,4,2020,2
143,185,6,70,6889,1,2023,2
335,48,24,1,7505,3,2021,1
234,40,22,65,1384,10,2021,2
162,160,97,69,7652,2,2025,2
398,55,18,92,3403,3,2020,2
120,42,13,64,8888,2,2023,2
385,115,52,128,3386,1,2022,2
99,97,34,135,3484,12,2021,2
214,107,94,47,7303,11,2020,2
279,68,6,144,8217,8,2022,2
206,102,96,19,6251,12,2024,2
325,30,68,92,3386,9,2021,2
200,76,53,89,2133,7,2023,2
14,81,90,37,3522,5,2021,2
123,23,26,122,4463,3,2025,2
143,111,68,115,7834,8,2025,2
192,110,71,75,1510,12,2025,2
326,108,67,43,7000,11,2021,2
80,159,48,120,1000,8,2020,2
160,161,94,74,6553,11,2025,2
297,165,83,133,5309,1,2023,2
389,12,54,5,8162,2,2022,1
141,27,46,14,9643,9,2022,2
61,18,79,11,5263,6,2021,2
385,156,4,12,7936,11,2024,2
319,133,36,141,3943,10,2024,2
195,28,56,123,3560,6,2020,2
378,76,95,101,7189,5,2023,2
172,167,72,17,7081,12,2020,2
39,96,97,12,1897,12,2025,2
84,3,46,73,7504,11,2023,2
115,148,63,80,6656,12,2024,2
163,33,56,74,5418,9,2024,2
179,57,100,26,7954,5,2020,2
38,131,41,150,8839,7,2022,2
45,47,62,24,7790,10,2022,2
395,82,74,108,9474,11,2020,2
41,79,61,37,6838,8,2023,2
116,83,2,26,8191,9,2021,2
13,128,30,79,3048,4,2025,2
324,18,29,99,1999,9,2024,2
58,0,69,140,1255,2,2023,2
126,181,71,134,9180,6,2022,2
8,65,59,84,9356,3,2021,2
55,126,44,143,7678,7,2022,2
41,32,6,120,4642,5,2021,2
189,154,30,57,9918,9,2021,2
6,72,59,111,4402,6,2023,2
346,44,99,107,3776,8,2020,2
256,15,100,129,8274,2,2025,2
93,19,66,115,8542,9,2021,2
186,88,10,131,6145,10,2025,2
7,200,83,5,1049,11,2025,2
221,200,35,53,1470,4,2024,2
197,200,86,110,6984,3,2024,2
24,41,49,8,5033,1,2020,1
31,91,55,25,2901,9,2020,2
3,118,80,99,9367,6,2023,2
329,27,8,76,1912,11,2021,2
127,90,13,86,2591,5,2021,2
68,53,61,142,9782,9,2023,2
392,34,13,75,5161,10,2020,2
114,126,4,63,2186,4,2024,2
271,22,82,78,6255,2,2024,2
148,171,46,128,5071,2,2020,2
383,76,32,28,7375,11,2025,2
171,98,50,56,9261,2,2022,2
118,177,40,64,4404,7,2025,2
334,8,62,106,9151,12,2021,2
316,75,91,47,3627,9,2021,2
76,174,44,85,9889,9,2024,2
352,170,51,36,6842,2,2022,2
256,60,11,50,2001,4,2020,2
356,172,90,73,5112,9,2021,2
398,120,56,49,1352,9,2020,2
296,24,85,150,2081,2,2020,2
348,34,39,27,4628,1,2021,2
210,85,55,78,6152,6,2025,2
119,156,71,123,4392,2,2024,2
335,39,25,13,4609,9,2022,2
58,111,6,28,7259,11,2024,1
308,30,56,65,6154,6,2022,2
176,1,69,119,6944,8,2020,2
139,170,34,16,2641,9,2020,2
223,51,27,70,1199,11,2023,2
382,196,26,118,6098,6,2025,2
329,66,88,108,9688,6,2024,2
25,0,14,50,4578,9,2025,2
71,103,47,23,4627,12,2022,2
295,188,69,104,8053,12,2022,2
303,165,84,92,2906,8,2025,2
115,158,42,35,4052,6,2024,2
363,154,21,90,9707,9,2024,2
292,41,34,22,1062,11,2022,2
250,194,56,141,5754,1,2020,2
376,52,21,85,3895,2,2025,2
230,104,54,39,4716,9,2025,2
175,55,25,1,1795,12,2023,2
151,85,0,15,5605,8,2023,2
335,70,73,31,6296,5,2023,2
379,100,57,40,6204,8,2025,2
269,165,12,19,1161,10,2020,2
169,192,68,137,8406,7,2025,2
185,72,26,3,5867,4,2020,2
367,140,14,41,3131,9,2024,2
82,112,100,107,6501,9,2025,2
307,22,51,110,1228,5,2022,2
109,127,81,141,7587,2,2023,2
174,118,24,104,2045,6,2023,2
326,47,35,119,5193,10,2025,2
374,58,96,123,9999,6,2020,2
228,38,97,23,8068,10,2023,2
391,96,24,144,4329,6,2022,2
11,36,51,0,1590,10,2021,2
5,178,55,77,4359,4,2025,2
349,23,17,66,6978,8,2024,2
374,46,7,85,3532,3,2025,2
2,193,27,49,3704,1,2024,2
331,46,32,139,8451,8,2024,2
222,106,32,106,2271,11,2024,2
219,96,9,96,3568,10,2023,2
316,47,78,146,5021,11,2024,2
21,39,75,25,2926,1,2022,2
382,50,72,42,3017,12,2021,2
134,109,74,36,8797,8,2021,2
297,113,25,46,3158,11,2022,2
194,88,25,128,5501,2,2024,2
381,178,76,113,6364,8,2021,2
350,17,46,13,5188,4,2021,1
332,175,0,139,8796,2,2025,2
82,177,0,52,3971,8,2023,2
195,48,49,100,1416,6,2022,2
77,173,31,89,1544,9,2024,2
45,8,88,14,8786,6,2021,2
254,109,82,51,1473,12,2023,2
34,138,22,19,3059,1,2022,2
69,156,61,6,5882,12,2020,2
365,152,30,140,7082,7,2022,2
99,145,74,136,3447,1,2021,2
340,144,68,145,5390,10,2020,2
353,135,78,23,2184,10,2021,2
192,145,9,101,4294,3,2022,2
393,10,6,148,3395,9,2020,2
268,57,41,59,5625,2,2024,2
255,27,61,100,6641,10,2021,2
60,177,5,98,5231,1,2024,2
385,129,85,82,2720,8,2020,2
31,28,43,115,7531,2,2025,2
213,75,51,12,8448,11,2022,2
51,199,33,116,4037,9,2022,2
226,191,3,97,7118,1,2024,2
388,150,33,145,8900,2,2023,2
7,106,100,71,9498,10,2023,2
208,15,54,24,4988,9,2022,2
228,124,33,114,5712,6,2022,2
95,161,65,139,8473,1,2023,2
140,122,36,31,2460,9,2021,2
185,51,51,4,9178,9,2020,2
313,71,71,105,3840,2,2025,2
101,179,45,106,9930,5,2022,2
130,106,43,34,4191,12,2020,2
365,12,38,146,7319,11,2021,2
196,168,52,97,7787,4,2020,2
259,133,78,75,9829,2,2022,2
109,18,13,63,5284,4,2020,2
202,132,93,134,6704,12,2023,2
84,45,65,109,2927,2,2025,2
375,94,41,110,2995,4,2021,2
201,128,94,47,7136,11,2022,2
73,165,7,97,6337,11,2022,2
78,137,56,140,5542,11,2025,2
353,117,78,45,2289,12,2023,2
142,142,57,75,6619,4,2021,2
127,148,76,49,8511,7,2025,2
49,17,20,13,2631,5,2020,1
268,2,5,101,7409,1,2024,2
380,166,58,137,7601,7,2025,2
156,173,68,135,4822,5,2022,2
187,25,87,3,4583,3,2023,2
232,110,75,17,8021,12,2022,2
19,149,12,77,9601,11,2025,2
166,40,29,24,6248,3,2024,2
64,65,75,44,6898,6,2025,2
319,100,30,91,5396,4,2024,2
90,199,5,76,6142,9,2025,2
363,115,45,97,5655,10,2024,2
77,151,67,42,6826,11,2021,2
42,148,20,84,6917,1,2024,2
95,88,54,122,8420,5,2025,2
157,99,8,111,4671,3,2024,2
92,50,87,13,6831,3,2023,2
136,160,30,68,9541,6,2022,2
0,4,27,0,9157,4,2025,1
8,106,17,60,7464,8,2020,2
9,45,15,21,1806,2,2021,2
58,76,86,5,2107,7,2022,2
95,200,79,22,7498,9,2020,2
301,9,65,35,1879,7,2022,2
31,64,69,25,6207,10,2021,2
9,20,100,43,9205,11,2021,2
74,177,58,91,9008,6,2023,2
9,111,24,82,1678,3,2021,2
395,105,56,125,3272,3,2023,2
149,67,31,112,2783,7,2023,2
233,56,21,1,6300,9,2022,2
302,189,96,41,8522,6,2021,2
237,146,30,74,8081,4,2020,2
27,96,39,145,1365,7,2024,2
373,114,25,134,2712,4,2025,2
130,155,91,20,6841,10,2024,2
146,66,41,61,8404,6,2024,2
366,123,81,6,4680,11,2025,2
207,115,91,63,9378,12,2023,2
137,5,50,54,2110,11,2020,2
160,145,51,123,5380,7,2023,2
91,177,14,150,8942,6,2021,2
155,130,3,116,7739,2,2023,2
311,127,98,50,9782,7,2022,2
214,73,9,99,5713,5,2024,2
314,179,52,106,5992,2,2021,2
19,92,51,45,9879,10,2022,2
140,41,64,104,6553,9,2022,2
48,163,74,0,8539,2,2023,2
203,142,36,99,1934,1,2023,2
263,10,95,15,4992,4,2022,2
22,184,97,124,6215,1,2021,2
121,156,86,110,9576,11,2023,2
216,77,5,62,2673,10,2024,2
58,4,46,29,9355,5,2023,2
397,120,0,79,7292,3,2024,2
237,145,22,114,3738,11,2023,2
315,172,57,147,6299,5,2025,2
148,178,5,138,9955,10,2023,2
328,2,52,98,3424,8,2021,2
291,158,28,117,4676,6,2021,2
138,162,16,150,8087,3,2022,2
97,188,84,94,1340,2,2024,2
43,18,83,13,1773,2,2020,2
313,179,4,146,8958,12,2025,2
163,120,6,18,5590,11,2022,2
367,122,11,0,6168,7,2025,2
24,177,31,90,5453,1,2021,2
158,181,43,14,2800,1,2020,2
301,70,17,21,8623,7,2021,2
80,154,53,63,9433,10,2023,2
259,58,31,61,7479,9,2021,2
235,182,41,75,2854,11,2021,2
108,108,84,87,9105,4,2022,2
73,138,0,96,9320,4,2021,2
314,195,84,3,4193,8,2021,2
387,82,22,2,4456,3,2024,2
125,196,51,149,1803,7,2021,2
232,103,98,52,2981,4,2023,2
15,167,4,140,7368,1,2025,2
96,75,3,107,6520,11,2021,2
374,173,20,4,1248,2,2024,2
380,131,44,86,9047,9,2023,2
107,197,42,69,9441,11,2021,2
195,198,10,148,6752,11,2020,2
38,45,82,146,9135,6,2021,2
397,30,24,47,1837,1,2020,2
370,80,25,18,2991,8,2021,2
314,109,32,40,9897,3,2021,2
192,133,29,10,3549,3,2024,2
212,142,49,135,4902,8,2022,2
103,171,30,133,2086,5,2024,2
47,67,89,78,2594,1,2022,2
304,89,28,144,1750,10,2021,2
188,111,89,42,3112,2,2023,2
248,198,29,112,1198,7,2025,2
343,186,31,82,8579,9,2025,2
88,99,99,49,6084,3,2024,2
381,63,36,71,5406,8,2021,2
102,189,38,1,3654,11,2024,2
317,2,100,66,7953,12,2024,2
362,159,10,3,6282,2,2024,2
127,75,86,105,6777,4,2024,2
226,85,35,17,5449,12,2023,2
68,47,41,139,3958,3,2022,2
7,96,45,123,7176,6,2025,2
214,25,9,48,8913,11,2023,2
18,30,4,141,8392,8,2022,2
218,120,71,58,6017,12,2022,2
186,17,93,98,3774,6,2020,2
240,96,89,139,4238,5,2024,2
387,199,11,71,5459,11,2023,2
238,151,68,105,6435,6,2023,2
131,69,3,113,9039,6,2020,2
92,0,34,110,7350,1,2022,2
35,152,6,46,4046,5,2022,2
231,66,73,81,6958,4,2024,2
281,12,76,83,5304,7,2025,2
1,97,2,117,3866,4,2021,2
24,103,96,105,9241,11,2021,2
278,57,26,103,7796,10,2020,2
66,163,50,33,5546,9,2023,2
377,64,69,55,5605,2,2023,2
217,75,75,136,3393,2,2020,2
382,51,67,81,7000,9,2024,2
382,44,59,78,7777,12,2023,2
206,53,17,95,7613,11,2023,2
211,151,70,143,9292,4,2020,2
281,43,36,1,6731,6,2020,2
217,49,75,139,3713,11,2023,2
277,29,76,147,4760,4,2020,2
122,90,4,54,5479,6,2024,2
81,125,64,68,1678,11,2022,2
259,3,57,31,2544,10,2022,2
211,48,83,46,1928,8,2021,2
289,90,37,63,3692,8,2020,2
18,135,36,103,7341,2,2020,2
267,194,87,126,9414,2,2022,2
397,129,34,114,8742,5,2024,2
269,162,19,145,4481,1,2021,2
223,23,45,10,8038,5,2023,2
284,108,1,33,7901,3,2022,2
39,115,34,131,4625,3,2022,2
344,45,45,86,5937,7,2020,2
83,114,50,149,4746,9,2024,2
49,86,26,5,7119,10,2022,1
141,0,28,135,2636,5,2025,2
103,44,82,145,4473,7,2023,2
260,187,44,53,6679,6,2024,2
371,199,9,79,9862,11,2024,2
216,163,76,136,5413,8,2024,2
98,90,13,141,3685,3,2022,2
66,34,21,73,9948,8,2022,2
221,49,78,26,7352,7,2024,2
27,78,76,76,7594,8,2020,2
176,135,68,147,5216,2,2020,2
379,10,66,19,5684,9,2022,2
11,170,37,94,9391,3,2024,2
198,92,18,62,2832,2,2023,2
399,183,78,89,1265,5,2024,2
206,76,62,33,9419,9,2022,2
362,75,26,4,2364,10,2021,2
57,53,88,92,7999,8,2020,2
191,70,91,74,8924,5,2022,2
227,47,57,91,4613,3,2021,2
81,111,51,46,5727,11,2022,2
197,79,58,17,5646,2,2024,2
22,142,75,65,5441,5,2024,2
180,26,53,127,3127,8,2021,2
188,68,96,42,8410,1,2020,2
37,86,36,66,1151,7,2020,2
337,75,10,30,7281,4,2023,2
85,103,100,71,2714,3,2023,2
216,33,52,76,1969,11,2024,2
29,119,60,91,2263,10,2025,2
312,183,36,117,5477,5,2022,2
208,7,12,30,4134,12,2024,2
354,181,71,45,2050,1,2025,2
172,127,84,67,3467,7,2023,2
265,35,52,99,5497,3,2021,2
161,48,67,29,6546,4,2024,2
309,20,19,92,3625,10,2022,2
78,118,66,8,1282,4,2023,2
310,75,100,72,7563,4,2022,2
69,97,29,145,6403,5,2023,2
390,5,43,130,9332,4,2025,2
7,62,62,15,7605,4,2024,1
328,149,89,69,3137,12,2020,2
179,135,27,40,4828,8,2021,2
106,155,59,33,3462,3,2024,2
83,111,22,28,7890,1,2024,2
287,17,72,102,8870,10,2022,2
195,71,23,98,6120,9,2023,2
338,66,24,24,9688,2,2021,2
97,51,50,23,3836,5,2024,2
113,80,42,145,7507,1,2022,2
126,134,98,47,4404,12,2025,2
2,31,31,9,7051,10,2025,1
308,106,2,17,9728,5,2023,2
39,114,45,26,4365,5,2024,2
188,47,85,67,6692,11,2020,2
128,2,75,47,6374,10,2021,2
379,99,9,64,6771,1,2023,2
10,145,34,103,7383,6,2025,2
309,119,58,124,2192,1,2020,2
339,44,58,120,8847,10,2020,2
262,29,96,16,4954,12,2024,2
88,178,71,20,2648,10,2023,2
146,135,12,67,5835,12,2020,2
388,134,27,128,7083,6,2024,2
35,176,69,120,2970,10,2020,2
277,118,13,107,3086,7,2022,2
147,76,46,124,5234,12,2023,2
177,144,69,147,8726,4,2022,2
66,63,63,131,2225,12,2020,2
224,69,74,94,9546,11,2020,2
110,143,60,86,1802,5,2025,2
31,183,73,20,4697,10,2024,2
208,138,16,118,8892,4,2025,2
325,33,60,112,5114,1,2025,2
141,7,81,69,9149,12,2025,2
177,183,51,91,7662,7,2020,2
114,171,67,71,1630,10,2021,2
113,138,37,148,3242,6,2022,2
62,165,54,67,1002,3,2024,2
214,171,60,50,7383,12,2024,2
47,143,27,68,5620,5,2022,2
44,81,39,100,5512,6,2023,2
144,18,47,21,9861,10,2023,2
122,180,49,123,9072,10,2022,2
261,178,30,126,3398,8,2022,2
84,160,73,113,5597,6,2021,2
343,12,30,111,4976,10,2022,2
217,182,91,86,2945,7,2022,2
54,53,97,113,2341,9,2024,2
246,99,47,148,6086,7,2024,2
202,168,71,63,6834,9,2021,2
358,176,26,79,3746,3,2023,2
329,48,65,104,3434,7,2025,2
193,12,33,124,6958,1,2023,2
259,115,4,83,9181,4,2021,2
113,137,16,4,5663,3,2023,2
322,22,11,103,3222,3,2021,2
306,163,32,26,7252,2,2020,2
192,20,14,44,7007,11,2020,2
230,90,44,95,8211,10,2022,2
331,91,96,23,7470,2,2020,2
276,38,95,60,4219,11,2021,2
213,199,46,12,7079,8,2024,2
304,58,59,65,1825,9,2025,2
38,175,36,0,6181,6,2021,2
45,143,67,44,2791,6,2024,2
80,199,93,133,3449,11,2020,2
118,117,8,66,4466,8,2022,2
262,129,3,109,5963,3,2024,2
175,173,8,124,1651,11,2021,2
198,126,68,10,2713,1,2021,2
305,113,19,96,7909,1,2022,2
10,53,57,40,1383,5,2024,2
112,89,19,91,5210,9,2022,2
372,172,2,142,1988,1,2025,2
117,69,60,23,9608,11,2024,2
228,78,72,143,1444,6,2020,2
359,112,62,6,5296,6,2025,2
318,49,15,148,4472,9,2020,2
359,127,81,3,3214,1,2020,2
396,76,75,134,5356,12,2025,2
280,179,35,135,6562,11,2023,2
235,165,55,22,2871,7,2021,2
280,75,46,127,3892,5,2020,2
322,174,33,64,3817,9,2023,2
318,165,67,14,2508,7,2024,2
279,190,28,49,4108,10,2022,2
393,30,96,123,5149,12,2022,2
36,108,81,68,1253,12,2021,2
287,52,75,13,5771,9,2024,2
360,15,22,99,7839,1,2020,2
77,92,34,113,5342,9,2025,2
106,34,94,93,5398,2,2023,2
117,24,50,8,9551,3,2022,1
260,64,71,56,7194,1,2025,2
340,4,61,51,6216,9,2021,2
150,89,0,67,6876,8,2023,2
45,167,81,109,9593,2,2020,2
399,21,92,123,3812,9,2021,2
241,164,47,21,2024,10,2021,2
286,32,3,31,4890,6,2024,2
398,96,39,150,9355,12,2021,2
158,172,62,83,2952,11,2024,2
31,180,2,121,1501,8,2021,2
58,0,40,103,1413,9,2025,2
345,132,33,10,3041,9,2023,2
367,12,78,119,4358,4,2021,2
113,7,4,98,4794,9,2021,2
346,15,9,13,2977,12,2024,1
312,13,45,85,3601,12,2022,2
131,70,93,96,9268,6,2022,2
307,176,61,53,3148,3,2024,2
377,76,35,47,2357,6,2024,2
311,35,52,118,9802,6,2020,2
186,73,26,133,2255,9,2021,2
289,150,68,5,2051,3,2020,2
207,70,37,130,2736,12,2021,2
111,102,61,82,4426,3,2023,2
240,92,32,31,1871,6,2021,2
162,40,51,38,2931,8,2020,2
2,200,29,10,3393,3,2021,2
38,70,25,47,2989,3,2021,2
184,177,95,8,7719,7,2024,2
319,144,94,95,6878,8,2020,2
224,126,78,140,8148,3,2024,2
56,73,92,106,6317,7,2021,2
199,80,82,106,3018,10,2021,2
150,35,61,143,6422,1,2020,2
94,136,100,130,3693,7,2024,2
327,162,38,8,3914,12,2023,2
387,157,31,33,3440,7,2022,2
131,38,75,86,4108,6,2021,2
55,142,21,149,7418,10,2022,2
58,158,40,31,9683,5,2020,2
6,119,47,145,3200,3,2025,2
273,152,2,86,5881,12,2025,2
284,159,94,93,2184,8,2025,2
354,98,45,65,5411,2,2022,2
67,19,26,30,5360,1,2021,1
261,0,92,82,1434,3,2020,2
318,113,17,57,6958,5,2023,2
242,176,8,121,9525,7,2021,2
371,45,95,7,5154,3,2020,2
384,143,18,21,6510,3,2021,2
47,154,21,39,2469,8,2025,2
64,141,3,117,5555,7,2020,2
364,21,3,99,2996,9,2025,2
72,61,34,56,2514,4,2025,2
15,16,27,62,9162,11,2023,2
377,46,13,23,2489,4,2021,2
310,27,85,92,8403,1,2022,2
301,64,58,17,5139,4,2022,2
201,117,93,87,5946,5,2021,2
138,126,80,79,5699,9,2024,2
259,0,12,135,9660,10,2022,2
369,176,93,24,3249,5,2024,2
59,56,31,96,7368,3,2023,2
334,171,38,90,8433,2,2024,2
112,113,73,6,6842,4,2025,2
119,99,46,58,1681,9,2023,2
98,122,93,146,9188,5,2022,2
147,18,82,53,3061,6,2020,2
160,11,31,55,7486,5,2021,2
373,122,6,28,4875,6,2023,2
117,67,8,103,4368,2,2021,2
317,148,75,79,9993,11,2022,2
0,175,74,137,9333,11,2023,2
396,119,68,121,8449,6,2024,2
201,49,29,73,4503,7,2024,2
345,152,31,126,8864,10,2022,2
62,154,10,53,5108,1,2025,2
109,0,33,29,6449,8,2021,2
284,89,29,53,8939,11,2020,2
181,170,94,89,1580,10,2021,2
139,137,21,111,7000,5,2022,2
38,177,68,146,2193,3,2021,2
309,169,55,149,7972,8,2021,2
276,177,0,1,8557,4,2023,2
395,14,47,87,8693,12,2023,2
183,52,5,129,9351,1,2022,2
213,22,20,68,1136,11,2021,2
398,181,31,6,5512,7,2020,2
130,125,11,42,7174,9,2020,2
317,127,22,134,4078,2,2021,2
34,6,20,4,6727,3,2022,1
60,45,26,124,9469,5,2021,2
324,188,96,140,4798,4,2022,2
280,3,79,55,9479,10,2024,2
388,83,86,124,7729,7,2024,2
286,158,12,14,8315,3,2021,2
23,187,41,86,7013,4,2023,2
108,128,13,129,5068,9,2020,2
133,18,0,10,2411,10,2024,0
38,5,37,104,9885,8,2024,2
27,142,66,84,7793,4,2023,2
307,148,16,135,7235,9,2020,2
43,164,25,105,1393,7,2024,2
273,189,14,125,1908,11,2021,2
364,188,90,48,5773,9,2025,2
84,167,64,123,6587,7,2023,2
373,142,75,11,7256,11,2021,2
158,100,62,49,6792,9,2025,2
257,178,29,126,8030,4,2021,2
72,41,10,42,6716,4,2024,1
28,169,68,73,3472,9,2025,2
377,9,39,49,3879,12,2025,2
230,120,27,36,1792,8,2021,2
179,82,35,76,3326,1,2025,2
244,13,86,27,2896,8,2021,2
325,71,11,5,8972,12,2025,2
217,89,96,149,8344,12,2024,2
96,197,53,49,7572,1,2025,2
20,93,93,56,5217,11,2025,2
343,161,1,24,4492,2,2021,2
213,62,22,57,2635,8,2023,2
245,193,50,2,9286,2,2023,2
286,112,14,91,8678,11,2021,2
196,123,54,102,6017,8,2021,2
43,56,95,58,5785,9,2023,2
348,145,5,96,9237,12,2023,2
370,181,90,38,4078,11,2020,2
363,88,86,113,4765,12,2022,2
59,139,68,72,2515,6,2023,2
397,140,97,31,9790,6,2020,2
137,152,63,72,1580,5,2021,2
14,109,25,45,9668,4,2020,2
169,132,21,97,6268,1,2023,2
304,161,8,78,6598,11,2023,2
319,52,54,97,2461,2,2025,2
212,7,55,107,5147,11,2020,2
381,4,14,83,2761,11,2020,2
345,93,46,80,6631,8,2023,2
137,183,66,140,6866,7,2022,2
44,103,15,129,3208,2,2022,2
38,159,43,48,3932,7,2020,2
109,173,67,22,8936,3,2024,2
28,151,82,83,6553,7,2025,2
40,166,80,78,7236,7,2020,2
176,141,57,80,4365,11,2021,2
310,60,53,79,4215,8,2024,2
32,38,50,20,2784,3,2024,2
255,108,89,32,4094,12,2022,2
332,113,47,67,6669,9,2023,2
334,45,9,135,3646,1,2022,2
92,12,58,120,4419,7,2020,2
13,84,26,4,6700,10,2024,1
87,89,58,96,4281,9,2020,2
181,149,55,96,9632,1,2022,2
384,52,31,57,4231,6,2025,2
67,120,12,45,7230,2,2024,2
389,17,71,8,3258,12,2024,2
96,181,61,142,3410,5,2025,2
197,37,48,106,9095,8,2021,2
154,176,44,102,4160,8,2023,2
115,115,29,50,7121,5,2025,2
233,126,33,12,6181,6,2021,2
187,52,2,70,1998,5,2020,2
50,107,27,22,1866,6,2023,2
159,51,13,57,7254,10,2023,2
120,94,94,54,7346,5,2023,2
284,25,18,107,3420,11,2024,2
245,162,48,106,4135,7,2023,2
306,165,70,19,1418,4,2024,2
204,95,7,119,8161,7,2020,2
326,95,93,94,9972,12,2024,2
321,24,77,90,7237,10,2022,2
397,51,30,141,8587,2,2025,2
73,104,34,4,9332,3,2023,1
150,177,62,63,8408,6,2020,2
363,74,59,44,1308,2,2022,2
172,23,97,20,4011,7,2021,2
44,12,66,108,7668,9,2021,2
254,127,77,6,6875,10,2024,2
50,23,5,133,5122,5,2023,2
200,186,73,48,6489,6,2024,2
155,36,67,24,2423,7,2025,2
193,40,54,92,6784,7,2022,2
385,133,97,141,6237,12,2023,2
352,129,96,1,1297,8,2021,2
54,178,8,39,6421,8,2020,2
247,190,8,41,7825,8,2022,2
331,189,35,8,4911,3,2020,2
1,80,56,83,5300,4,2021,2
55,49,28,125,1646,12,2020,2
310,60,85,34,7142,8,2020,2
249,159,30,57,6857,4,2022,2
367,193,1,106,4827,9,2022,2
265,62,16,107,3956,10,2025,2
90,38,35,130,4693,2,2023,2
368,2,73,84,2867,10,2020,2
386,187,61,66,8186,3,2025,2
317,9,73,134,4159,4,2021,2
321,76,91,79,4395,10,2020,2
196,41,91,16,1057,3,2020,2
153,128,80,17,8351,6,2021,2
115,70,7,126,6529,9,2025,2
60,49,59,40,7452,12,2022,2
77,114,97,107,2615,10,2023,2
287,23,26,33,3307,5,2024,2
339,57,72,118,7766,12,2023,2
194,140,87,93,6017,4,2023,2
353,36,51,108,3541,4,2023,2
317,24,86,31,7536,5,2025,2
85,7,63,16,8683,8,2022,2
310,183,40,39,5040,5,2025,2
370,70,96,63,5048,1,2021,2
207,54,94,54,1001,4,2023,2
211,106,51,65,2375,8,2021,2
262,64,57,107,6189,11,2025,2
174,39,8,119,4159,3,2021,2
207,35,18,105,8641,9,2021,2
268,85,86,19,3991,6,2021,2
261,139,81,129,5766,7,2020,2
386,67,13,96,4801,2,2024,2
158,79,65,135,2283,6,2022,2
154,1,0,31,9545,3,2025,1
388,156,93,103,4437,7,2020,2
120,176,68,1,8772,4,2021,2
288,177,10,59,9369,3,2021,2
372,188,7,120,1134,1,2023,2
178,51,28,41,9346,8,2024,2
166,63,83,68,3905,5,2023,2
75,176,35,35,5806,11,2020,2
262,99,93,133,2829,8,2021,2
361,136,8,123,1784,9,2025,2
206,128,74,111,7651,1,2025,2
195,188,83,54,4874,12,2023,2
336,66,83,46,3538,4,2021,2
107,154,33,130,3629,2,2023,2
93,159,5,36,1568,10,2022,2
399,6,14,26,1115,5,2020,2
100,81,40,46,5227,9,2023,2
385,142,48,137,9765,4,2023,2
74,102,14,25,8101,3,2020,2
30,181,57,119,9959,8,2023,2
345,96,11,149,8608,11,2020,2
348,95,75,78,4955,4,2021,2
353,112,68,32,7695,7,2025,2
253,61,2,51,5731,5,2021,2
314,173,8,127,7778,1,2020,2
26,152,25,106,7378,10,2020,2
28,45,7,20,8416,11,2025,0
145,10,24,137,2532,5,2023,2
225,133,19,3,5940,3,2023,2
227,16,56,19,2461,8,2020,2
395,27,60,113,8816,10,2021,2
33,122,36,72,5443,3,2023,2
188,105,87,91,3791,12,2024,2
105,22,77,3,5428,8,2020,2
285,76,81,102,9870,2,2021,2
12,125,65,134,6527,9,2025,2
292,16,86,138,1980,6,2021,2
304,143,65,13,5135,11,2025,2
35,70,31,147,4861,6,2023,2
230,122,87,70,1908,9,2023,2
103,113,14,87,7421,2,2024,2
335,104,62,29,3823,10,2022,2
54,93,69,130,7555,10,2024,2
251,3,45,114,6312,12,2023,2
165,62,92,18,9464,12,2021,2
256,145,23,116,4422,6,2022,2
186,166,88,147,9361,5,2025,2
226,82,87,47,8863,6,2025,2
338,113,39,131,2840,8,2023,2
225,158,2,111,2120,6,2024,2
398,36,48,16,6609,10,2023,2
247,103,71,92,6328,7,2023,2
9,80,29,127,4510,8,2021,2
7,112,14,117,7432,5,2021,2
222,56,14,85,8066,2,2023,2
92,84,98,13,5201,3,2025,2
37,155,38,78,8176,2,2024,2
300,179,1,61,5599,6,2022,2
152,100,86,119,4704,12,2021,2
357,60,36,93,6187,2,2025,2
30,7,66,114,9929,5,2025,2
102,2,57,78,4417,10,2022,2
57,37,92,92,6796,4,2023,2
253,58,88,9,7503,4,2025,2
288,95,11,97,6573,11,2022,2
188,168,27,78,4206,6,2024,2
96,98,9,82,4394,10,2022,2
390,139,47,112,1453,7,2024,2
280,69,65,54,9530,1,2022,2
267,91,66,135,4329,9,2021,2
181,122,64,42,1052,7,2023,2
107,18,94,70,5969,9,2022,2
12,150,35,83,5688,3,2025,2
171,181,84,26,9890,9,2022,2
309,150,85,146,7857,6,2024,2
251,181,15,85,9345,12,2023,2
305,87,85,137,4384,10,2023,2
369,71,48,0,9756,3,2020,2
92,139,37,1,5711,8,2020,2
66,32,49,71,3822,9,2021,2
151,103,78,12,8873,7,2025,2
204,95,85,3,8996,3,2020,2
319,111,38,60,8626,1,2020,2
130,156,92,7,6610,6,2025,2
360,10,90,123,3106,12,2021,2
322,67,1,121,3282,5,2023,2
280,125,15,82,8284,5,2024,2
307,25,75,65,9460,4,2025,2
293,87,13,44,5782,2,2022,2
142,130,80,65,3859,9,2024,2
119,168,21,75,2207,7,2024,2
75,154,73,69,6847,7,2023,2
273,104,71,125,1957,7,2022,2
323,30,52,62,8547,12,2020,2
266,34,53,111,5907,8,2023,2
298,188,41,71,9180,6,2020,2
335,79,55,78,8072,12,2020,2
126,75,75,5,3279,10,2025,2
141,77,50,148,5748,6,2022,2
379,122,98,131,6321,4,2023,2
321,193,55,3,7832,1,2020,2
217,135,55,56,4537,9,2022,2
43,95,79,132,1834,5,2025,2
299,110,71,18,2985,8,2022,2
20,71,65,104,1419,5,2022,2
108,61,11,49,7052,2,2023,2
227,145,3,128,8429,11,2020,2
267,101,23,54,3435,8,2023,2
241,3,51,142,7059,1,2024,2
156,78,5,49,5077,3,2024,2
183,36,29,58,1870,1,2024,2
115,192,63,46,8512,11,2025,2
361,131,55,70,8330,9,2022,2
10,163,74,81,2187,7,2020,2
227,91,10,11,8533,1,2025,1
367,36,86,45,4133,2,2021,2
14,31,26,105,3109,3,2021,2
46,61,14,29,4158,4,2022,2
45,192,81,23,8211,6,2025,2
400,12,83,78,1951,9,2024,2
292,89,0,73,8866,6,2024,2
147,98,81,126,1393,6,2025,2
0,113,15,24,3655,2,2023,2
120,183,62,58,3575,9,2023,2
310,26,16,108,3737,9,2025,2
133,114,0,6,9356,8,2021,1
241,130,24,75,2953,9,2025,2
6,135,54,103,7720,7,2020,2
237,82,77,60,3923,8,2024,2
13,27,18,149,7604,6,2025,2
190,140,1,83,6906,1,2022,2
359,170,45,97,3756,2,2025,2
329,35,53,51,2480,4,2025,2
239,184,100,112,7867,12,2020,2
326,61,18,43,8465,4,2022,2
204,63,69,81,3639,10,2021,2
8,107,6,96,2601,11,2023,2
337,0,99,99,3975,6,2022,2
82,118,67,20,1012,12,2022,2
29,19,35,73,1334,6,2022,2
323,200,58,148,4895,8,2021,2
57,21,71,73,2641,10,2024,2
291,180,66,67,9392,11,2024,2
178,27,6,44,8014,10,2022,1
16,29,88,31,9258,9,2023,2
211,36,56,15,9766,1,2022,2
280,151,13,5,5817,6,2024,2
1,88,80,132,6707,10,2022,2
232,179,36,31,1326,9,2023,2
19,192,29,142,9417,11,2022,2
364,162,88,62,9552,8,2022,2
28,166,64,119,2639,1,2021,2
201,40,35,25,2931,6,2025,2
63,127,67,43,5694,2,2025,2
117,69,2,58,9681,4,2023,1
353,187,25,90,5887,2,2025,2
220,7,57,100,5762,5,2024,2
96,113,52,120,3886,11,2022,2
397,133,61,38,7118,12,2025,2
145,153,45,98,4473,9,2023,2
266,84,89,50,2370,3,2022,2
340,177,58,38,7149,7,2021,2
139,113,58,65,9001,5,2021,2
59,46,23,110,5929,12,2021,2
182,149,97,98,1544,7,2020,2
90,95,63,46,4078,9,2022,2
214,132,34,73,3998,2,2023,2
270,13,37,80,4685,7,2022,2
128,190,88,61,3685,11,2022,2
219,111,23,24,3849,3,2020,2
147,166,47,39,9991,1,2020,2
39,1,13,146,1771,2,2025,2
235,172,49,24,4251,12,2025,2
150,44,65,77,8170,4,2020,2
115,135,10,55,2603,2,2023,2
190,71,9,64,8799,10,2020,2
46,3,63,140,6637,7,2024,2
306,90,43,82,4589,3,2022,2
141,26,78,52,7379,1,2022,2
76,3,64,63,6579,5,2020,2
77,47,87,126,2300,1,2023,2
97,19,59,78,1483,3,2023,2
189,162,34,2,7754,11,2020,2
192,94,24,29,7401,2,2025,2
327,26,78,11,3426,10,2024,2
125,128,54,69,1226,5,2020,2
57,66,87,145,7326,3,2025,2
23,147,86,30,7919,2,2020,2
265,47,87,133,9134,3,2023,2
329,179,17,0,5976,7,2021,2
56,103,67,39,1422,4,2020,2
304,140,77,52,5632,6,2022,2
182,22,71,11,9292,4,2022,2
36,181,73,112,5296,11,2025,2
180,138,14,149,5743,4,2020,2
271,155,34,133,9656,3,2021,2
221,187,29,87,9952,12,2023,2
251,100,10,113,1178,11,2020,2
342,182,55,43,4845,7,2020,2
32,183,94,23,9051,2,2023,2
226,111,91,86,2153,12,2025,2
172,68,17,149,1454,10,2024,2
287,40,30,67,9600,4,2025,2
264,38,69,49,7069,4,2023,2
222,1,37,126,8264,3,2022,2
229,184,89,96,6217,9,2024,2
382,186,22,131,7139,4,2021,2
21,16,63,91,1271,10,2022,2
343,96,47,27,3261,5,2024,2
115,84,47,89,1045,9,2025,2
22,33,16,62,8872,3,2023,2
271,117,42,118,5366,10,2023,2
257,141,41,27,2846,4,2020,2
393,8,34,21,2560,1,2024,2
331,103,3,112,2867,10,2021,2
133,180,85,67,1580,4,2024,2
243,34,2,115,6001,6,2025,2
28,157,43,146,8846,8,2023,2
186,75,23,12,1147,1,2023,2
267,189,17,13,8372,10,2025,2
252,116,44,28,5118,5,2023,2
177,169,100,1,7610,5,2022,2
36,158,15,119,4215,2,2020,2
151,164,37,56,9857,6,2024,2
344,12,15,118,8427,1,2024,2
135,48,50,72,2820,3,2025,2
213,17,51,103,6036,12,2021,2
368,0,39,60,2262,8,2024,2
249,59,1,31,1373,2,2024,2
351,144,88,69,1039,8,2022,2
357,152,94,67,2423,11,2022,2
302,140,60,33,2571,5,2023,2
13,18,91,83,9697,9,2020,2
159,49,19,133,3208,3,2020,2
348,130,6,51,3103,10,2023,2
319,50,71,88,6546,11,2025,2
230,41,74,140,8469,7,2022,2
287,86,54,102,5502,6,2020,2
164,55,92,56,7397,10,2023,2
281,50,60,1,3880,5,2024,2
22,68,52,49,6454,10,2021,2
119,52,78,41,5050,1,2025,2
381,123,92,134,5771,4,2024,2
179,135,9,29,6969,3,2023,2
155,79,51,2,9619,1,2021,2
24,197,75,101,2600,2,2025,2
136,134,93,130,9607,8,2020,2
207,101,76,114,4270,6,2022,2
159,107,81,111,3554,1,2021,2
319,138,17,70,8068,2,2021,2
111,63,76,98,9132,12,2025,2
329,80,11,14,9796,9,2020,2
345,186,53,148,3266,4,2020,2
135,10,96,56,2747,2,2022,2
72,138,74,0,5243,12,2023,2
279,3,73,80,8437,10,2021,2
2,183,22,60,4988,8,2021,2
303,6,72,49,2919,6,2025,2
227,156,90,136,5035,1,2022,2
74,29,37,46,7183,4,2023,2
267,87,92,29,5907,10,2023,2
383,63,51,46,4549,11,2021,2
265,98,28,93,2558,4,2023,2
288,22,78,130,7752,8,2020,2
72,91,50,108,7265,7,2021,2
91,180,11,2,5220,12,2020,2
15,169,16,138,7672,12,2023,2
143,105,80,101,3247,4,2025,2
63,71,9,65,2554,12,2024,2
95,197,69,2,1470,7,2022,2
80,90,27,92,5839,6,2022,2
255,94,53,116,5423,7,2023,2
321,170,31,101,3789,12,2023,2
204,43,3,94,4970,11,2022,2
23,37,58,54,4924,1,2021,2
287,71,67,72,7307,12,2024,2
356,16,56,0,4886,3,2021,1
156,140,75,47,5799,8,2022,2
249,163,33,117,4285,8,2021,2
170,198,74,139,5647,7,2020,2
24,71,42,79,8226,6,2024,2
327,117,49,138,4294,4,2024,2
388,37,11,23,6806,1,2022,2
116,27,19,150,4139,11,2023,2
283,83,55,102,1729,2,2024,2
356,135,79,13,8011,8,2023,2
325,35,25,57,1908,6,2020,2
279,109,88,6,5644,7,2020,2
188,187,61,41,6478,2,2020,2
5,106,61,36,7818,11,2025,2
137,63,68,64,3462,3,2020,2
70,155,59,19,9907,3,2025,2
118,200,55,88,5741,3,2021,2
283,82,1,29,4379,3,2020,2
114,116,36,1,1580,3,2024,2
221,12,42,144,4786,9,2021,2
174,136,43,61,8078,11,2020,2
76,49,58,134,1064,12,2021,2
37,37,81,9,3766,12,2025,2
101,66,74,78,6731,4,2021,2
96,29,22,23,7443,8,2020,2
324,140,17,133,7380,12,2022,2
70,162,16,46,7805,2,2023,2
266,58,62,18,6875,7,2021,2
289,189,90,8,8638,2,2021,2
307,124,3,43,4953,2,2021,2
387,178,68,65,5376,4,2020,2
294,115,97,34,8018,2,2022,2
380,193,64,102,5380,4,2022,2
77,178,30,23,4045,1,2025,2
105,60,74,33,3257,11,2025,2
283,52,82,0,6319,7,2022,2
215,91,70,57,5276,8,2021,2
198,88,59,99,6699,7,2021,2
145,184,62,126,7718,4,2020,2
143,76,60,38,4825,4,2022,2
325,34,1,6,4946,10,2025,1
87,172,38,130,1638,9,2020,2
304,28,40,138,1746,10,2020,2
374,178,94,131,9996,1,2025,2
60,97,97,50,6136,11,2025,2
39,109,5,130,4146,7,2020,2
301,181,3,103,6519,8,2022,2
280,91,22,95,5784,3,2021,2
38,68,90,91,1144,12,2023,2
301,114,91,130,6095,2,2023,2
269,53,38,86,2523,8,2024,2
63,84,11,71,6495,3,2020,2
31,122,62,8,7429,11,2022,2
4,114,7,44,3654,8,2021,2
193,43,73,69,9297,10,2023,2
400,173,9,21,4681,1,2024,2
80,155,95,130,9904,12,2022,2
151,58,95,57,6149,5,2025,2
350,153,93,98,6108,2,2021,2
271,184,65,70,9533,8,2021,2
212,146,94,0,3045,11,2021,2
204,125,87,21,9872,5,2022,2
375,50,17,148,5785,4,2023,2
397,124,66,96,7077,11,2022,2
21,194,31,46,6829,3,2025,2
208,130,3,1,7376,6,2025,2
259,76,46,74,8921,11,2023,2
123,124,29,33,4251,2,2020,2
214,12,9,52,3195,6,2025,2
198,111,25,42,7240,12,2024,2
238,51,98,93,3180,7,2020,2
235,22,89,106,2190,7,2020,2
199,114,46,13,1591,11,2022,2
220,61,24,141,8910,2,2025,2
134,149,22,111,3613,6,2025,2
243,41,14,89,7438,9,2020,2
377,47,57,9,8634,7,2023,2
168,168,59,64,3534,10,2022,2
119,32,71,95,1671,8,2024,2
266,200,91,113,6940,12,2023,2
257,23,99,91,4492,3,2020,2
253,81,78,90,3580,12,2021,2
103,126,9,52,1595,5,2022,2
98,116,42,93,9193,1,2021,2
91,91,29,22,7812,6,2023,2
383,180,89,125,1390,6,2024,2
175,158,15,105,9673,7,2023,2
131,154,16,51,9639,3,2020,2
309,137,21,147,1416,11,2020,2
381,154,30,127,4243,12,2024,2
0,175,86,41,8804,1,2021,2
324,183,36,141,2552,3,2023,2
248,0,44,132,7584,3,2021,2
162,20,10,9,3057,11,2023,1
300,120,73,86,9029,6,2020,2
40,200,74,48,7412,5,2023,2
287,90,79,114,7692,9,2022,2
292,35,5,90,6404,1,2022,2
1,85,53,146,3983,12,2024,2
58,161,40,86,7324,9,2022,2
155,183,68,145,2101,9,2022,2
193,105,61,18,1399,3,2024,2
286,71,93,82,2024,4,2023,2
393,53,27,87,5507,2,2025,2
236,134,86,13,1467,11,2024,2
320,117,31,91,3913,3,2022,2
362,59,47,76,7144,9,2025,2
322,23,19,44,4600,9,2021,2
181,7,74,4,2679,10,2021,2
153,197,49,40,6133,12,2020,2
377,161,93,141,5072,12,2020,2
122,112,32,52,2221,2,2022,2
246,128,2,36,4814,1,2021,2
225,94,84,2,3068,12,2023,2
8,30,90,123,1938,9,2021,2
261,10,8,135,3913,11,2020,2
67,37,83,23,4246,11,2020,2
198,66,54,30,8303,11,2025,2
324,34,53,61,7824,1,2020,2
398,141,77,115,4360,8,2023,2
216,149,2,80,1416,1,2024,2
46,131,15,53,1835,5,2023,2
357,196,7,34,1219,8,2021,2
28,84,91,113,7730,4,2020,2
279,41,28,46,5134,6,2023,2
148,152,32,116,6075,4,2023,2
384,117,5,75,4437,10,2021,2
227,191,1,92,6275,7,2022,2
291,89,73,117,6667,1,2021,2
113,164,82,58,8544,4,2022,2
251,45,38,147,4341,8,2025,2
144,188,13,132,2750,12,2025,2
176,68,25,15,1054,2,2021,2
269,11,18,6,4818,3,2021,1
225,32,13,47,3014,12,2020,2
212,126,19,139,9009,7,2021,2
87,171,16,134,9624,3,2022,2
8,123,94,97,1196,3,2022,2
312,100,76,58,8266,5,2025,2
56,188,52,56,8164,6,2023,2
79,100,9,56,9493,11,2023,1
246,60,64,4,1149,12,2020,2
310,59,78,145,8827,8,2020,2
336,115,36,52,8976,8,2020,2
87,34,56,55,4467,3,2023,2
25,159,12,54,2430,9,2025,2
54,96,43,45,6702,5,2022,2
354,137,78,140,2708,10,2023,2
334,150,42,134,2167,10,2022,2
72,130,26,41,9028,11,2021,2
296,128,6,12,8099,4,2022,1
169,142,69,89,8576,10,2021,2
287,152,56,9,5613,4,2021,2
380,174,86,77,5692,7,2023,2
252,168,70,9,6401,3,2021,2
99,200,54,73,4062,6,2023,2
261,49,47,78,2658,2,2021,2
277,158,51,128,4118,9,2021,2
364,97,46,104,1061,1,2022,2
224,136,63,121,5843,9,2020,2
176,72,26,21,5255,6,2023,2
373,118,70,66,9563,3,2025,2
188,45,19,19,2866,4,2025,2
38,167,5,78,9095,10,2022,2
195,84,76,81,6888,12,2020,2
9,38,93,106,3000,10,2022,2
285,150,40,89,7871,11,2021,2
238,124,81,133,1775,9,2024,2
133,112,44,64,5282,5,2021,2
55,76,78,95,7383,8,2021,2
90,123,28,82,1873,12,2023,2
400,25,72,45,6721,10,2020,2
225,90,74,136,6752,12,2021,2
213,74,83,111,2226,9,2025,2
200,97,56,24,7102,4,2025,2
144,17,17,51,9013,4,2022,2
399,4,73,102,7886,5,2025,2
13,191,56,53,4739,4,2023,2
157,146,61,143,4604,2,2025,2
257,69,47,75,9290,11,2021,2
4,75,3,52,8940,1,2024,1
44,3,73,50,8418,4,2022,2
216,124,83,125,1714,11,2023,2
109,65,43,89,6764,8,2022,2
75,163,59,4,7898,3,2021,2
155,200,53,16,4281,9,2023,2
141,193,45,51,2811,2,2021,2
98,171,35,14,7324,8,2025,2
146,103,63,5,3468,2,2021,2
279,148,23,63,5185,9,2022,2
10,98,45,87,6505,2,2020,2
158,165,75,103,1783,12,2023,2
338,53,6,65,7896,5,2020,2
167,170,94,69,2672,12,2023,2
164,100,30,40,7192,5,2020,2
2,147,43,88,4118,8,2020,2
